
    [
      {
        "id": 0,
        "name": "Alex's iPhone",
        "user": "alex",
        "sensorData": [
          {
            "ts": "1529542230",
            "temp": 12,
            "loc": {
              "lat": -37.84674,
              "lon": 145.115113
            }
          },
          {
            "ts": "1529572230",
            "temp": 17,
            "loc": {
              "lat": -37.850026,
              "lon": 145.117683
            }
          }
        ]
      },
      {
        "id": 1,
        "name": "Mary's iPhone",
        "user": "mary123",
        "sensorData": [
          {
            "ts": "1529542743",
            "temp": 14,
            "loc": {
              "lat": 33.812092,
              "lon": -117.918974
            }
          }
        ]
      },
      {
        "id": 2,
        "name": "Sam's iPhone",
        "user": "sam",
        "sensorData": [
          {
            "ts": "1529572230",
            "temp": 14,
            "loc": {
              "lat": -37.850026,
              "lon": 145.117683
            }
          }
        ]
      },
      {
        "name": "Bob's Samsung Galaxy",
        "user": "bob",
        "sensorData": [
          {
            "ts": "1529545935",
            "temp": 14,
            "loc": {
              "lat": -37.839587,
              "lon": 145.101386
            }
          }
        ],
        "id": 7
      },
      {
        "name": "Bob's iPhone",
        "user": "bob",
        "sensorData": [
          {
            "ts": "1529545935",
            "temp": 14,
            "loc": {
              "lat": -37.839587,
              "lon": 145.101386
            }
          }
        ],
        "id": 8
      },
      {
        "name": "Bob's iPhone",
        "user": "bob",
        "sensorData": [
          {
            "ts": "1529545935",
            "temp": 14,
            "loc": {
              "lat": -37.839587,
              "lon": 145.101386
            }
          }
        ],
        "id": 10
      }
    ]
  